[
    {
        "name": "root",
        "childNodes": [
            {
                "name": "ant"
            },
            {
                "name": "bear",
                "childNodes": [
                    {
                        "name": "cat"
                    },
                    {
                        "name": "dog",
                        "childNodes": [
                            {
                                "name": "elephant"
                            }
                        ]
                    }
                ]
            },
            {
                "name": "frog"
            }
        ]
    }
]